{
  "users": [
    {
      "firstName": "KrsihnaSai",
      "phonenumber":"6309334485",
      "email": "krishnasai@gmail.com",
      "password": "krish",
      "confirmpassword":"krish"
    },
    {
      "firstName": "XYZ",
      "phonenumber":"9849936397",
      "email": "xyz@gmail.com",
      "password": "xyzabc",
      "confirmpassword":"xyzabc"
    },
    {
      "firstName": "ABCD",
      "phonenumber":"7095111565",
      "email": "abcd@gmail.com",
      "password": "pwd",
      "confirmpassword":"pwd"
    }
  ]
}